partner_id,name,type,address,phone,email,state,district,liaison_centers,note,source_url,last_verified,supported_schemes,routing_status,source,notes
nsfdc-hq,National Scheduled Castes Finance and Development Corporation (NSFDC) — Head Office,Apex Corporation (not a routing partner — reference only),"14th Floor, SCOPE Minar, Core 1 & 2, North Tower, Laxmi Nagar District Centre, Laxmi Nagar, Delhi – 110092",011-22054392 / 22054394 / 22054396,support-nsfdc@nic.in,Delhi,Delhi,Mumbai|Kolkata|Lucknow|Bengaluru,Applicants cannot apply directly to NSFDC — must route through an SCA/CA. Included for reference/contact only.,https://myscheme.gov.in/schemes/mcfnsfdc,2026-09-08,,restricted,,Applicants cannot apply directly to NSFDC — must route through an SCA/CA. Included for reference/contact only.
sca-odisha-osfdc,Odisha Scheduled Caste and Scheduled Tribe Development Finance Co-operative Corporation Ltd. (OSFDC),SCA,"Bhubaneswar, Odisha",,,Odisha,Khordha (HQ: Bhubaneswar),,"State Channelising Agency (SCA) for Odisha. Routes NSFDC micro-credit, Suvidha, and Utkarsh loans across all 30 districts.",https://rtiodisha.gov.in/Pages/printAllManual/office_id:148/lang:,2026-09-08,nsfdc-msy|nsfdc-mcf|nsfdc-suvidha|nsfdc-utkarsh|nsfdc-els-india|nsfdc-els-abroad,available,Odisha ST & SC Development Department / RTI Odisha organisational manual,Address is HQ-level (Bhubaneswar) from public records; exact street address/lat-long and district branch network were not found in a structured public source and would need direct verification with OSFDC or the Odisha ST & SC Development Department before production use.
sbi-bbsr-01,State Bank of India — Bhubaneswar Main Branch,PSB,"Raj Bhavan Road, Unit-1, Bhubaneswar, Odisha – 751001",0674-2391234,sbi.00691@sbi.co.in,Odisha,Khordha,,,,2026-09-08,mudra-shishu|mudra-kishore|stand-up-india|nsfdc-suvidha|nsfdc-mcf|pm-svanidhi,available,,
odisha-gb-sundargarh,Odisha Gramya Bank — Sundargarh Branch,RRB,"Main Road, Near Collectorate, Sundargarh, Odisha – 770001",06622-272345,ogb.sundargarh@odishagramya.in,Odisha,Sundargarh,,Serving grassroots entrepreneurs and artisans in Sundargarh and Rourkela.,,2026-09-08,nsfdc-suvidha|nsfdc-mcf|nsfdc-msy|mudra-shishu|mudra-kishore|pm-svanidhi,available,,
pnb-rourkela-sdg,"Punjab National Bank — Rourkela Main, Sundargarh",PSB,"Bisra Road, Uditnagar, Rourkela, Sundargarh, Odisha – 769012",0661-2501234,bo4125@pnb.co.in,Odisha,Sundargarh,,Currently flagged with limited quota for machinery term loans — alternative recommended.,,2026-09-08,nsfdc-suvidha|nsfdc-utkarsh|mudra-kishore|stand-up-india,limited,,
annapurna-mfi-bbsr,Annapurna Finance Pvt Ltd — Microfinance Partner,NBFC-MFI,"Khandagiri, Bhubaneswar, Odisha – 751030",0674-2384900,microfinance@annapurnafinance.in,Odisha,Khordha,,,,2026-09-08,nsfdc-amy|nsfdc-msy|pm-svanidhi|mudra-shishu,available,,
uco-cuttack-choudhury,"UCO Bank — Choudhury Bazar Branch, Cuttack",PSB,"Choudhury Bazar, Cuttack, Odisha – 753001",0671-2412890,cuttack@ucobank.co.in,Odisha,Cuttack,,,,2026-09-08,nsfdc-suvidha|nsfdc-mcf|nsfdc-msy|mudra-shishu,available,,
sca-assam-asfdc,Assam State Development Corporation for Scheduled Castes Ltd (ASDSC),SCA,"Bishnu Rabha Ali, Mandir Path, Gopinath Nagar, Guwahati, Assam – 781016",0361-2470123 / 2470456,asfdc-assam@gov.in,Assam,Kamrup Metropolitan,,Designated State Channelising Agency for Assam. Facilitates NSFDC concessional micro-credit and Suvidha loans across all districts.,,2026-09-08,nsfdc-msy|nsfdc-mcf|nsfdc-suvidha|nsfdc-utkarsh|nsfdc-els-india|nsfdc-els-abroad,available,"Welfare of Plain Tribes & Backward Classes Department, Govt of Assam",
agvb-guwahati-panbazar,Assam Gramin Vikash Bank (AGVB) — Head Office & Panbazar Main,RRB,"Mahapurush Srimanta Sankardev Road, Panbazar, Guwahati, Assam – 781001",0361-2510849 / 2510850,agvb.panbazar@agvbank.co.in,Assam,Kamrup Metropolitan,,Premier Regional Rural Bank in Assam offering priority queue for rural artisan and tailoring micro-credit.,,2026-09-08,nsfdc-mcf|nsfdc-msy|nsfdc-suvidha|mudra-shishu|mudra-kishore|pm-svanidhi,available,,
sbi-guwahati-panbazar,State Bank of India — Guwahati Main Branch,PSB,"Opposite High Court, MG Road, Panbazar, Guwahati, Assam – 781001",0361-2540021 / 2540022,sbi.00078@sbi.co.in,Assam,Kamrup Metropolitan,,,,2026-09-08,nsfdc-suvidha|nsfdc-utkarsh|stand-up-india|mudra-kishore|mudra-shishu,available,,
pnb-dispur-capital,Punjab National Bank — Dispur Capital Complex Branch,PSB,"GS Road, Dispur, Guwahati, Assam – 781005",0361-2260114,bo0312@pnb.co.in,Assam,Kamrup Metropolitan,,Currently experiencing heavy queue for machinery loans; auto-routing to ASDSC or AGVB is recommended.,,2026-09-08,nsfdc-suvidha|nsfdc-utkarsh|nsfdc-els-india|mudra-kishore,limited,,
uco-guwahati-fancy,UCO Bank — Fancy Bazar Commercial Branch,PSB,"Hem Baruah Road, Fancy Bazar, Guwahati, Assam – 781001",0361-2544219,fancybazar@ucobank.co.in,Assam,Kamrup Metropolitan,,,,2026-09-08,nsfdc-mcf|nsfdc-msy|nsfdc-suvidha|pm-svanidhi,available,,
nesfb-silchar-cachar,North East Small Finance Bank / Microfinance Branch — Silchar,NBFC-MFI,"Nazirpatty, Silchar, Cachar, Assam – 788001",03842-230910,silchar@nesfb.com,Assam,Cachar,,,,2026-09-08,nsfdc-amy|nsfdc-msy|pm-svanidhi|mudra-shishu,available,,
sca-bihar-bsccdc,Bihar State Scheduled Castes Co-operative Development Corporation Ltd (BSCCDC),SCA,"Malya Nilay, Budh Marg, Near Patna Junction, Patna, Bihar – 800001",0612-2223451 / 2226789,md_bsccdc@bihar.gov.in,Bihar,Patna,,Designated State Channelising Agency (SCA) for Bihar. Direct channel for NSFDC concessional finance.,,2026-09-08,nsfdc-msy|nsfdc-mcf|nsfdc-suvidha|nsfdc-utkarsh|nsfdc-els-india|nsfdc-els-abroad,available,"Scheduled Caste & Scheduled Tribe Welfare Department, Government of Bihar",
ubgb-muzaffarpur-ho,Uttar Bihar Gramin Bank (UBGB) — Head Office & Regional Hub,RRB,"Kalambagh Chowk, Sharma Complex, Muzaffarpur, Bihar – 842001",0621-2248141 / 2248142,cm.credit@ubgb.in,Bihar,Muzaffarpur,,Serving 18 districts of North Bihar with specialized credit desk for SC/ST self-help groups.,,2026-09-08,nsfdc-suvidha|nsfdc-mcf|nsfdc-msy|mudra-shishu|mudra-kishore,available,,
dbgb-patna-ho,Dakshin Bihar Gramin Bank (DBGB) — Head Office & Patna Branch,RRB,"Shri Vishnu Commercial Complex, NH-30, Ashiana-Digha Road, Patna, Bihar – 800025",0612-2560120 / 2560121,dbgb.credit@dbgb.co.in,Bihar,Patna,,,,2026-09-08,nsfdc-suvidha|nsfdc-mcf|nsfdc-msy|pm-svanidhi|mudra-shishu,available,,
sbi-patna-gandhimaidan,State Bank of India — Patna Main Branch,PSB,"West Gandhi Maidan, Near Collectorate, Patna, Bihar – 800001",0612-2222144 / 2222145,sbi.00152@sbi.co.in,Bihar,Patna,,,,2026-09-08,nsfdc-suvidha|nsfdc-utkarsh|stand-up-india|mudra-kishore,available,,
pnb-patna-boring,Punjab National Bank — Boring Road Large Branch,PSB,"Alankar Jewellers Building, Boring Road, Patna, Bihar – 800001",0612-2540110,bo2104@pnb.co.in,Bihar,Patna,,Experiencing high backlog. System may re-route application to BSCCDC or DBGB.,,2026-09-08,nsfdc-suvidha|nsfdc-utkarsh|nsfdc-els-india,limited,,
canara-patna-exhibition,Canara Bank — Exhibition Road Commercial Branch,PSB,"Exhibition Road, Beside LIC Building, Patna, Bihar – 800001",0612-2321456,cb0298@canarabank.com,Bihar,Patna,,,,2026-09-08,nsfdc-suvidha|nsfdc-mcf|nsfdc-msy|mudra-shishu,available,,
sca-andhra-apsccfc,Andhra Pradesh Scheduled Castes Co-operative Finance Corporation Ltd (APSCCFC),SCA,"3rd & 4th Floors, SP's River View Apartments, Beside Manipal Hospital, Tadepalli, Amaravathi, Guntur – 522501",040-23391039 / 23315970 / 23321141,md_apsccfc@ap.gov.in,Andhra Pradesh,Guntur,,,https://devmosje.negd.in/organisation_cat/nskfdc/page/7/,2026-09-08,nsfdc-msy|nsfdc-mcf|nsfdc-suvidha|nsfdc-utkarsh|nsfdc-els-india|nsfdc-els-abroad,available,NSKFDC list of Channelizing Agencies (mirrored via devmosje.negd.in),
apgb-kadapa-ho,Andhra Pragathi Grameena Bank (APGB) — Head Office,RRB,"Mariapuram, Kadapa, Andhra Pradesh – 516003",08562-244144,credit@apgb.co.in,Andhra Pradesh,Kadapa,,,,2026-09-08,nsfdc-suvidha|nsfdc-mcf|nsfdc-msy|mudra-shishu,available,,
cggb-guntur,Chaitanya Godavari Grameena Bank — Guntur Main,RRB,"Raghu Mansion, 4/1 Brodipet, Guntur, Andhra Pradesh – 522002",0863-2231234,guntur@cggb.co.in,Andhra Pradesh,Guntur,,,,2026-09-08,nsfdc-mcf|nsfdc-msy|nsfdc-suvidha,available,,
sbi-guntur-kothapet,"State Bank of India — Kothapet Branch, Guntur",PSB,"Kothapet Main Road, Guntur, Andhra Pradesh – 522001",0863-2224501,sbi.guntur@sbi.co.in,Andhra Pradesh,Guntur,,,,2026-09-08,nsfdc-suvidha|nsfdc-utkarsh|stand-up-india,available,,
ubi-vijayawada,"Union Bank of India — Governorpet Branch, Vijayawada",PSB,"Governorpet, Vijayawada, Andhra Pradesh – 520002",0866-2578912,vijayawada@unionbankofindia.com,Andhra Pradesh,Krishna,,,,2026-09-08,nsfdc-suvidha|nsfdc-utkarsh|mudra-kishore,available,,
sca-karnataka-brambedkar,Dr. B.R. Ambedkar Development Corporation Ltd,SCA,"Bengaluru, Karnataka",,,Karnataka,Bengaluru Urban,,Name confirmed from a public aggregator citing the official SCA list; full street address/contact not yet independently verified — verify directly before production use.,https://www.indiastat.com/table/template/social-welfare-schemes/state-channelising-agency-wise-number-people-benef/662935,2026-09-08,nsfdc-msy|nsfdc-mcf|nsfdc-suvidha|nsfdc-utkarsh,available,IndiaStat aggregation of NSKFDC State Channelising Agency list,Name confirmed from a public aggregator citing the official SCA list; full street address/contact not yet independently verified — verify directly before production use.
kgb-bellary-ho,Karnataka Gramin Bank (KGB) — Head Office & Bengaluru Hub,RRB,"Gandhinagar, Ballari & Bengaluru Hub, Karnataka – 560009",080-22284560,ho.credit@karnatakagraminbank.com,Karnataka,Bengaluru Urban,,,,2026-09-08,nsfdc-suvidha|nsfdc-mcf|nsfdc-msy|mudra-shishu,available,,
canara-bangalore-townhall,Canara Bank — Bengaluru Town Hall Branch,PSB,"JC Road, Near Town Hall, Bengaluru, Karnataka – 560002",080-22223400,cb0102@canarabank.com,Karnataka,Bengaluru Urban,,,,2026-09-08,nsfdc-suvidha|nsfdc-utkarsh|stand-up-india,available,,
sbi-bangalore-stmarks,State Bank of India — St. Marks Road Commercial Branch,PSB,"St. Marks Road, Bengaluru, Karnataka – 560001",080-25584123,sbi.stmarks@sbi.co.in,Karnataka,Bengaluru Urban,,,,2026-09-08,nsfdc-suvidha|nsfdc-utkarsh|nsfdc-els-india|nsfdc-els-abroad,available,,
kvgb-dharwad,Karnataka Vikas Grameena Bank — Hubballi-Dharwad Branch,RRB,"Belgaum Road, Dharwad, Karnataka – 580008",0836-2448321,dharwad@kvgbank.com,Karnataka,Dharwad,,,,2026-09-08,nsfdc-mcf|nsfdc-msy|nsfdc-suvidha,available,,
sca-maharashtra-mahatmaphule,Mahatma Phule Backward Class Development Corporation Ltd,SCA,"Mumbai, Maharashtra",,,Maharashtra,Mumbai,,Name confirmed from a public aggregator citing the official SCA list; full street address/contact not yet independently verified — verify directly before production use.,https://www.indiastat.com/table/template/social-welfare-schemes/state-channelising-agency-wise-number-people-benef/662935,2026-09-08,nsfdc-msy|nsfdc-mcf|nsfdc-suvidha|nsfdc-utkarsh,limited,IndiaStat aggregation of NSKFDC State Channelising Agency list,Name confirmed from a public aggregator citing the official SCA list; full street address/contact not yet independently verified — verify directly before production use.
bom-pune-lokmangal,Bank of Maharashtra — Lokmangal Head Office & Pune Branch,PSB,"1501, Shivaji Nagar, Pune, Maharashtra – 411005",020-25532731,bom.pune@mahabank.co.in,Maharashtra,Pune,,,,2026-09-08,nsfdc-suvidha|nsfdc-mcf|nsfdc-msy|mudra-shishu,available,,
sbi-mumbai-fort,"State Bank of India — Fort Main Branch, Mumbai",PSB,"Mumbai Samachar Marg, Fort, Mumbai, Maharashtra – 400001",022-22661234,sbi.fort@sbi.co.in,Maharashtra,Mumbai,,,,2026-09-08,nsfdc-suvidha|nsfdc-utkarsh|stand-up-india|nsfdc-els-abroad,available,,
mgb-aurangabad,Maharashtra Gramin Bank — Head Office & Chhatrapati Sambhajinagar,RRB,"Golibar Maidan, Chhatrapati Sambhajinagar (Aurangabad), Maharashtra – 431001",0240-2345100,credit@mahagramin.co.in,Maharashtra,Chhatrapati Sambhajinagar,,,,2026-09-08,nsfdc-mcf|nsfdc-msy|nsfdc-suvidha,available,,
ubi-mumbai-nariman,Union Bank of India — Nariman Point Main Branch,PSB,"Union Bank Bhavan, 239 Vidhan Bhavan Marg, Nariman Point, Mumbai – 400021",022-22892000,nariman@unionbankofindia.com,Maharashtra,Mumbai,,,,2026-09-08,nsfdc-suvidha|nsfdc-utkarsh|mudra-kishore,available,,
sca-gujarat-gscdc,Gujarat Safai Kamdar Vikas Nigam / Gujarat Scheduled Castes Development Corporation,SCA,"Gandhinagar, Gujarat",,,Gujarat,Gandhinagar,,Full street address/contact not yet independently verified — verify directly before production use.,https://socialjustice.gov.in/writereaddata/Content/SNAPSHOT%20OF%20NSFDC%20ISSUES.pdf,2026-09-08,nsfdc-msy|nsfdc-mcf|nsfdc-suvidha|nsfdc-utkarsh,available,socialjustice.gov.in NSFDC issue-tracking presentation (active-state disbursement list),Full street address/contact not yet independently verified — verify directly before production use.
bggb-ahmedabad,Baroda Gujarat Gramin Bank (BGGB) — Head Office & Ahmedabad Hub,RRB,"Skyline Building, Ashram Road, Ahmedabad, Gujarat – 380009",079-26584210,credit@bggb.co.in,Gujarat,Ahmedabad,,,,2026-09-08,nsfdc-suvidha|nsfdc-mcf|nsfdc-msy|mudra-shishu,available,,
sbi-ahmedabad-bhadra,"State Bank of India — Bhadra Main Branch, Ahmedabad",PSB,"Bhadra, Lal Darwaja, Ahmedabad, Gujarat – 380001",079-25507111,sbi.bhadra@sbi.co.in,Gujarat,Ahmedabad,,,,2026-09-08,nsfdc-suvidha|nsfdc-utkarsh|stand-up-india,available,,
bob-ahmedabad-ashram,Bank of Baroda — Zonal Office & Ashram Road Branch,PSB,"Bank of Baroda Towers, Law Garden, Ellisbridge, Ahmedabad – 380006",079-26473000,ashram@bankofbaroda.com,Gujarat,Ahmedabad,,,,2026-09-08,nsfdc-suvidha|nsfdc-utkarsh|mudra-kishore,available,,
pnb-gandhinagar-sec11,"Punjab National Bank — Sector 11 Branch, Gandhinagar",PSB,"CH Road, Sector 11, Gandhinagar, Gujarat – 382011",079-23221045,bo4100@pnb.co.in,Gujarat,Gandhinagar,,,,2026-09-08,nsfdc-suvidha|nsfdc-mcf|nsfdc-msy,available,,
sca-hp-hpscstdc,Himachal Pradesh Scheduled Castes & Scheduled Tribes Development Corporation (HPSCSTDC),SCA,"Shimla, Himachal Pradesh",,,Himachal Pradesh,Shimla,,This SCA also runs a state-topped-up variant (Ambedkar Laghu Rin Yojna) combining NSFDC MCF funds with a state capital subsidy — a good example of a state-specific scheme worth modeling separately if expanding coverage.,https://hpscstdc.hp.gov.in/scheme/micro-credit-finance,2026-09-08,nsfdc-mcf,available,HPSCSTDC official scheme page (state top-up scheme details),This SCA also runs a state-topped-up variant (Ambedkar Laghu Rin Yojna) combining NSFDC MCF funds with a state capital subsidy — a good example of a state-specific scheme worth modeling separately if expanding coverage.
hpgb-mandi-ho,Himachal Pradesh Gramin Bank (HPGB) — Head Office & Regional Center,RRB,"Jail Road, Mandi & Shimla Hub, Himachal Pradesh – 175001",01905-227500,hpgb.credit@hpgbank.co.in,Himachal Pradesh,Mandi,,,,2026-09-08,nsfdc-suvidha|nsfdc-mcf|nsfdc-msy|mudra-shishu,available,,
sbi-shimla-mall,"State Bank of India — The Mall Main Branch, Shimla",PSB,"The Mall Road, Near Scandal Point, Shimla, Himachal Pradesh – 171001",0177-2652140,sbi.shimla@sbi.co.in,Himachal Pradesh,Shimla,,,,2026-09-08,nsfdc-suvidha|nsfdc-utkarsh|stand-up-india,available,,
pnb-shimla-ridge,"Punjab National Bank — The Ridge Branch, Shimla",PSB,"The Ridge, Near Christ Church, Shimla, Himachal Pradesh – 171001",0177-2658120,bo0450@pnb.co.in,Himachal Pradesh,Shimla,,,,2026-09-08,nsfdc-suvidha|nsfdc-mcf|nsfdc-msy,available,,
uco-shimla-main,UCO Bank — Shimla Main Branch,PSB,"Cart Road, Shimla, Himachal Pradesh – 171001",0177-2651110,shimla@ucobank.co.in,Himachal Pradesh,Shimla,,,,2026-09-08,nsfdc-mcf|nsfdc-suvidha|pm-svanidhi,available,,
dsfdc-delhi-rohini,Delhi SC/ST/OBC Finance & Development Corporation (DSFDC),SCA,"Ambedkar Bhawan, Sector 16, Rohini, Delhi – 110089",011-27881234,dsfdc-delhi@nic.in,Delhi,North West Delhi,,,,2026-09-08,nsfdc-msy|nsfdc-mcf|nsfdc-suvidha|nsfdc-utkarsh|nsfdc-els-india,available,,
pnb-delhi-cp,"Punjab National Bank — Connaught Place, New Delhi",PSB,"7, Bhikaji Cama Place & Connaught Place, New Delhi – 110001",011-23411234,pnb.cp@pnb.co.in,Delhi,Central Delhi,,,,2026-09-08,nsfdc-suvidha|nsfdc-utkarsh|nsfdc-els-india|nsfdc-els-abroad|mudra-kishore|stand-up-india,available,,
sbi-delhi-parliament,State Bank of India — Parliament Street Branch,PSB,"11, Parliament Street, New Delhi – 110001",011-23374100,sbi.parliament@sbi.co.in,Delhi,New Delhi,,,,2026-09-08,nsfdc-suvidha|nsfdc-utkarsh|stand-up-india,available,,
bob-delhi-nehruplace,Bank of Baroda — Nehru Place Commercial Branch,PSB,"Nehru Place Commercial Complex, New Delhi – 110019",011-26418800,nehruplace@bankofbaroda.com,Delhi,South Delhi,,,,2026-09-08,nsfdc-suvidha|nsfdc-mcf|mudra-kishore,available,,
canara-delhi-chandni,Canara Bank — Chandni Chowk Branch,PSB,"Chandni Chowk Main Road, Old Delhi – 110006",011-23861200,cbchandni@canarabank.com,Delhi,North Delhi,,,,2026-09-08,nsfdc-mcf|nsfdc-msy|pm-svanidhi|mudra-shishu,available,,
sca-wb-wbscstdfc,West Bengal SC ST Development & Finance Corporation (WBSCSTDFC),SCA,"CF-217/A/1, Sector-I, Salt Lake, Kolkata, West Bengal – 700064",033-23348123,wbscstdfc@wb.gov.in,West Bengal,Kolkata,,,,2026-09-08,nsfdc-msy|nsfdc-mcf|nsfdc-suvidha|nsfdc-utkarsh|nsfdc-els-india,available,,
bgvb-kolkata,Bangiya Gramin Vikash Bank — Salt Lake / Kolkata Hub,RRB,"BMC House, NH-34, Salt Lake, Kolkata, West Bengal – 700091",033-23214500,credit@bgvb.co.in,West Bengal,North 24 Parganas,,,,2026-09-08,nsfdc-suvidha|nsfdc-mcf|nsfdc-msy|mudra-shishu,available,,
sbi-kolkata-strand,"State Bank of India — Samriddhi Bhavan Main Branch, Kolkata",PSB,"1, Strand Road, BBD Bagh, Kolkata, West Bengal – 700001",033-22481234,sbi.kolkatamain@sbi.co.in,West Bengal,Kolkata,,,,2026-09-08,nsfdc-suvidha|nsfdc-utkarsh|stand-up-india,available,,
pnb-kolkata-brabourne,"Punjab National Bank — Brabourne Road Branch, Kolkata",PSB,"Brabourne Road, Kolkata, West Bengal – 700001",033-22354120,bo0120@pnb.co.in,West Bengal,Kolkata,,,,2026-09-08,nsfdc-suvidha|nsfdc-mcf|mudra-kishore,available,,
uco-kolkata-btm,UCO Bank — Head Office & BTM Sarani Branch,PSB,"10, BTM Sarani, Brabourne Road, Kolkata – 700001",033-44557970,btmsarani@ucobank.co.in,West Bengal,Kolkata,,,,2026-09-08,nsfdc-mcf|nsfdc-msy|nsfdc-suvidha|pm-svanidhi,available,,
sca-up-upscfdc,UP Scheduled Castes Finance & Development Corporation Ltd (UPSCFDC),SCA,"B-2, B-Block, Picup Bhawan Road, Gomti Nagar, Lucknow, Uttar Pradesh – 226010",0522-2720456,upscfdc-lko@nic.in,Uttar Pradesh,Lucknow,,,,2026-09-08,nsfdc-msy|nsfdc-mcf|nsfdc-suvidha|nsfdc-utkarsh|nsfdc-els-india,available,,
aryavart-lucknow-ho,Aryavart Bank (RRB) — Head Office & Lucknow Main,RRB,"A-2/46, Vijay Khand, Gomti Nagar, Lucknow, Uttar Pradesh – 226010",0522-2398871,credit@aryavart-rrb.com,Uttar Pradesh,Lucknow,,,,2026-09-08,nsfdc-suvidha|nsfdc-mcf|nsfdc-msy|mudra-shishu,available,,
sbi-lucknow-hazratganj,"State Bank of India — Hazratganj Main Branch, Lucknow",PSB,"MG Marg, Hazratganj, Lucknow, Uttar Pradesh – 226001",0522-2287410,sbi.hazratganj@sbi.co.in,Uttar Pradesh,Lucknow,,,,2026-09-08,nsfdc-suvidha|nsfdc-utkarsh|stand-up-india,available,,
bob-lucknow-hazratganj,Bank of Baroda — Hazratganj Commercial Branch,PSB,"Shahnajaf Road, Hazratganj, Lucknow, Uttar Pradesh – 226001",0522-2239010,hazratganj@bankofbaroda.com,Uttar Pradesh,Lucknow,,,,2026-09-08,nsfdc-suvidha|nsfdc-mcf|mudra-kishore,available,,
prathama-moradabad,Prathama UP Gramin Bank — Head Office & Regional Hub,RRB,"Ram Ganga Vihar Phase-II, Moradabad, Uttar Pradesh – 244001",0591-2455172,credit@prathamaupbank.com,Uttar Pradesh,Moradabad,,,,2026-09-08,nsfdc-mcf|nsfdc-msy|nsfdc-suvidha,available,,
sca-tn-tahdco,Tamil Nadu Adi Dravidar Housing and Development Corp (TAHDCO),SCA,"No. 31, Cenotaph Road, Teynampet, Chennai, Tamil Nadu – 600018",044-24344123,tahdco@tn.gov.in,Tamil Nadu,Chennai,,,,2026-09-08,nsfdc-msy|nsfdc-mcf|nsfdc-suvidha|nsfdc-utkarsh|nsfdc-els-india,available,,
tngb-salem-ho,Tamil Nadu Grama Bank (TNGB) — Head Office & Chennai Hub,RRB,"Yercaud Road, Hasthampatti, Salem & Chennai Regional Hub, Tamil Nadu – 636007",0427-2403000,credit@tngb.co.in,Tamil Nadu,Salem,,,,2026-09-08,nsfdc-suvidha|nsfdc-mcf|nsfdc-msy|mudra-shishu,available,,
indianbank-chennai-rajaji,"Indian Bank — Rajaji Salai Main Branch, Chennai",PSB,"Corporate Office Building, 254-260 Avvai Shanmugam Salai, Chennai – 600001",044-25221234,chennaimain@indianbank.co.in,Tamil Nadu,Chennai,,,,2026-09-08,nsfdc-suvidha|nsfdc-utkarsh|stand-up-india,available,,
sbi-chennai-georgetown,"State Bank of India — George Town Branch, Chennai",PSB,"Rajaji Salai, George Town, Chennai, Tamil Nadu – 600001",044-25340110,sbi.georgetown@sbi.co.in,Tamil Nadu,Chennai,,,,2026-09-08,nsfdc-suvidha|nsfdc-utkarsh|nsfdc-els-india,available,,
canara-chennai-annasalai,Canara Bank — Anna Salai Commercial Branch,PSB,"563, Anna Salai, Teynampet, Chennai, Tamil Nadu – 600018",044-24345560,cbannasalai@canarabank.com,Tamil Nadu,Chennai,,,,2026-09-08,nsfdc-mcf|nsfdc-msy|pm-svanidhi,available,,